﻿Designator,Footprint,Quantity,Value,LCSC Part #
"C1, C21",CP_Radial_Tantal200mil,2,1.0uF,
C10,CP_Radial_Tantal200mil,1,2.2uF,
"C11, C12, C13, C3, C5",C_Axial_200mil,5,0.1uF,
"C14, C31, C33, C4, C9",C_Axial_200mil,5,0.01uF,
"C15, C16",C_Axial_200mil,2,10pF C0G,
"C17, C23, C32, C39, C7",C_Axial_200mil,5,1uF,
"C18, C25, C26, C27, C29",C_Axial_200mil,5,4.7 uF,
"C19, C24, C28, C30, C34",C_Axial_200mil,5,1 uF,
"C2, C20",CP_Radial_Tantal200mil,2,5.0uF,
C22,C_Axial_200mil,1,0.1 uF,
"C35, C36, C37, C38",C_Axial_200mil,4,100 nF,
"IC1, IC3",DIP-8_W7.62mm_LongPads,2,TLV5616,
IC2,ti_LM4041CILPR,1,LM4041CILPR,
J1,PinHeader_1x04_P2.54mm_Vertical,1,5VREG,
"J10, J11",PinSocket_2x10_P2.54mm_Vertical,2,Conn_02x10_Odd_Even,
"J2, LS1",PinHeader_1x02_P2.54mm_Vertical,2,Speaker,
J3,PinHeader_1x05_P2.54mm_Vertical,1,JTAG,
J4,PinHeader_1x04_P2.54mm_Vertical,1,3v3REG,
J5,PinHeader_1x02_P2.54mm_Vertical,1,Battery,
J6,PinHeader_1x10_P2.54mm_Vertical,1,RIGHT_LCD,
J7,PinHeader_1x10_P2.54mm_Vertical,1,LEFT_LCD,
R1,R_Axial_DIN0204_L3.6mm_D1.6mm_P7.62mm_Horizontal,1,2K,
"R10, R5",R_Axial_DIN0204_L3.6mm_D1.6mm_P7.62mm_Horizontal,2,20K,
"R12, R13",R_Axial_DIN0204_L3.6mm_D1.6mm_P7.62mm_Horizontal,2,2.2K,
"R14, R15, R16, R17, R4, R7, R8, R9",R_Axial_DIN0204_L3.6mm_D1.6mm_P7.62mm_Horizontal,8,10K,
R2,R_Axial_DIN0204_L3.6mm_D1.6mm_P7.62mm_Horizontal,1,15K,
R3,R_Axial_DIN0204_L3.6mm_D1.6mm_P7.62mm_Horizontal,1,47K,
R6,R_Axial_DIN0204_L3.6mm_D1.6mm_P7.62mm_Horizontal,1,1M,
SW1,SW_PUSH_6mm,1,Reset,
SW2,SW_DIP_SPSTx01_Slide_9.78x4.72mm_W7.62mm_P2.54mm,1,SW_SPST,
"SW3, SW5",SW_PUSH_6mm,2,LEFT,
"SW4, SW6",SW_PUSH_6mm,2,RIGHT,
TP1,Testpoint_1x02_P2.54mm,1,OUT1,
TP2,Testpoint_1x02_P2.54mm,1,OUT2,
TP7,Testpoint_1x02_P2.54mm,1,GND,
TP8,Testpoint_1x02_P2.54mm,1,+9.0V,
"U1, U7",DIP-8_W7.62mm_LongPads,2,MCP34119P,
U4,MODULE_ESP32-DEVKITC,1,ESP32-DEVKITC,
U5,QFP50P1200X1200X160-64N,1,TM4C123GH6PMIR,
Y1,ABM3,1,ABM3-16.000MHZ-B2-T,
